<?xml version="1.0" encoding="UTF-8"?>
<project-private xmlns="http://www.netbeans.org/ns/project-private/1">
    <editor-bookmarks xmlns="http://www.netbeans.org/ns/editor-bookmarks/2" lastBookmarkId="0"/>
    <open-files xmlns="http://www.netbeans.org/ns/projectui-open-files/2">
        <group>
            <file>file:/C:/Users/guill/Desktop/REPASO2/src/repaso2/Recital.java</file>
            <file>file:/C:/Users/guill/Desktop/REPASO2/src/repaso2/Gira.java</file>
            <file>file:/C:/Users/guill/Desktop/REPASO2/src/repaso2/EventoOcasional.java</file>
            <file>file:/C:/Users/guill/Desktop/REPASO2/src/repaso2/Fecha.java</file>
            <file>file:/C:/Users/guill/Desktop/REPASO2/src/repaso2/REPASO2.java</file>
        </group>
    </open-files>
</project-private>
